Sigma,25
GFTNRD,28.968934475165955
(1) GFTNRD,28.957300710780615
(2) GFTNRD,28.977107520349243
(3) GFTNRD,29.033457982836694
"(1,2) GFTNRD",28.973490217574994
"(1,3) GFTNRD",28.99406579001136
"(2,3) GFTNRD",29.03892017014161
"(1,2,3) GFTNRD",29.028256428972497
